{
    "baseURL": "http://www.economia-sniim.gob.mx/nuevo/Consultas/MercadosNacionales/PreciosDeMercado/Agricolas/ResultadosConsultaFechaFrutasYHortalizas.aspx?",
    "params": {
        "fechaInicio": "",
        "fechaFinal": "",
        "ProductoId": "",
        "PreciosPorId": "",
        "RegistrosPorPagina": ""
    },
    "productIDS": [{
        "id": 740,
        "nombre": "Papa Alpha"
    },{
        "id": 748,
        "nombre": "Papa Galeana"
    },{
        "id": 749,
        "nombre": "Papa Gema"
    },{
        "id": 753,
        "nombre": "Papa Marciana"
    },{
        "id": 767,
        "nombre": "Papa San José"
    }]
}